Researcher ID,Name,University,Profile URL,Job Title,Level,Field
1,Gil Aharoni,UM,https://findanexpert.unimelb.edu.au/profile/144989,Senior Lecturer,C,Finance
2,Attila Balogh,UM,https://findanexpert.unimelb.edu.au/profile/954317,Senior Lecturer,C,Finance
3,James Brugler,UM,https://findanexpert.unimelb.edu.au/profile/761748,Associate Professor,D,Finance
4,Carole Comerton-Forde,UM,https://findanexpert.unimelb.edu.au/profile/532357,Professor,E,Finance
5,Jonathan Dark,UM,https://findanexpert.unimelb.edu.au/profile/181374,Associate Professor,D,Finance
6,Marina Gertsberg,UM,https://findanexpert.unimelb.edu.au/profile/955361,Senior Lecturer,C,Finance
7,André F. Gygax,UM,https://findanexpert.unimelb.edu.au/profile/4210,Senior Lecturer,C,Finance
8,John Handley,UM,https://findanexpert.unimelb.edu.au/profile/116,Professor,E,Finance
9,Joachim Inkmann,UM,https://findanexpert.unimelb.edu.au/profile/250474,Associate Professor,D,Finance
10,Eduard Inozemtsev,UM,https://findanexpert.unimelb.edu.au/profile/1050858,Senior Lecturer,C,Finance
11,Hae Won (Henny) Jung,UM,https://findanexpert.unimelb.edu.au/profile/510793,Associate Professor,D,Finance
12,Patrick J. Kelly,UM,https://findanexpert.unimelb.edu.au/profile/437404,Associate Professor,D,Finance
13,Minsoo Kim,UM,https://fbe.unimelb.edu.au/our-people/staff/finance/minsoo-kim,Senior Lecturer,C,Finance
14,Paul Kofman,UM,https://findanexpert.unimelb.edu.au/profile/7994,Professor,E,Finance
15,Asjeet Lamba,UM,https://findanexpert.unimelb.edu.au/profile/14988,Associate Professor,D,Finance
16,Gabriele Lattanzio,UM,https://fbe.unimelb.edu.au/our-people/staff/finance/gabriele-lattanzio,Senior Lecturer,C,Finance
17,Bryan Lim,UM,https://findanexpert.unimelb.edu.au/profile/193012,Associate Professor,D,Finance
18,Andrea Lu,UM,https://findanexpert.unimelb.edu.au/profile/664549,Associate Professor,D,Finance
19,Maurice McCourt,UM,https://findanexpert.unimelb.edu.au/profile/833272,Senior Lecturer,C,Finance
20,Mrinal Mishra,UM,https://fbe.unimelb.edu.au/our-people/staff/finance/mrinal-mishra,Senior Lecturer,C,Finance
21,Carsten Murawski,UM,https://findanexpert.unimelb.edu.au/profile/179115,Professor,E,Finance
22,Federico Nardari,UM,https://findanexpert.unimelb.edu.au/profile/551184,Professor,E,Finance
23,Hoonsuk Park,UM,https://fbe.unimelb.edu.au/our-people/staff/finance/hoonsuk-park,Senior Lecturer,C,Finance
24,Sean Pinder,UM,https://findanexpert.unimelb.edu.au/profile/6726,Associate Professor,D,Finance
25,Oliver Randall,UM,https://fbe.unimelb.edu.au/our-people/staff/finance/oliver-randall,Senior Lecturer,C,Finance
26,Chander Shekhar,UM,https://findanexpert.unimelb.edu.au/profile/1994,Senior Lecturer,C,Finance
27,Zhen Shi,UM,https://findanexpert.unimelb.edu.au/profile/250294,Senior Lecturer,C,Finance
28,Ekaterina Volkova,UM,https://findanexpert.unimelb.edu.au/profile/810575,Associate Professor,D,Finance
29,Nitin Yadav,UM,https://findanexpert.unimelb.edu.au/profile/788118,Senior Lecturer,C,Finance
30,Jun Yu,UM,https://fbe.unimelb.edu.au/our-people/staff/cabe/jun-yu,Senior Lecturer,C,Finance
31,Qi Zeng,UM,https://findanexpert.unimelb.edu.au/profile/25878,Associate Professor,D,Finance
32,Zhuo Zhong,UM,https://findanexpert.unimelb.edu.au/profile/667468,Associate Professor,D,Finance
33,Lucie Lu,UM,https://fbe.unimelb.edu.au/our-people/staff/finance/lucie-lu,Senior Lecturer,C,Finance
34,Margaret Abernethy,UM,https://findanexpert.unimelb.edu.au/profile/14551,Professor,E,Finance
35,Gary Biddle,UM,https://findanexpert.unimelb.edu.au/profile/774767,Professor,E,Finance
36,Jonathan Black,UM,https://findanexpert.unimelb.edu.au/profile/1045278,Senior Lecturer,C,Finance
37,Albie Brooks,UM,https://findanexpert.unimelb.edu.au/profile/177702,Associate Professor,D,Finance
38,Michael Davern,UM,https://findanexpert.unimelb.edu.au/profile/14375,Professor,E,Finance
39,Tongqing (Tony) Ding,UM,https://fbe.unimelb.edu.au/our-people/staff/accounting/tongqing-ding,Senior Lecturer,C,Finance
40,Patrick J. Ferguson,UM,https://findanexpert.unimelb.edu.au/profile/196369,Senior Lecturer,C,Finance
41,Ian Gow,UM,https://findanexpert.unimelb.edu.au/profile/798317,Professor,E,Finance
42,Jennifer Grafton,UM,https://findanexpert.unimelb.edu.au/profile/2122,Professor,E,Finance
43,Jane Hronsky,UM,https://findanexpert.unimelb.edu.au/profile/14595,Lecturer,B,Finance
44,Xue Jia,UM,https://findanexpert.unimelb.edu.au/profile/788715,Senior Lecturer,C,Finance
45,Like Jiang,UM,https://findanexpert.unimelb.edu.au/profile/747313,Associate Professor,D,Finance
46,Flora Kuang,UM,https://findanexpert.unimelb.edu.au/profile/743113,Professor,E,Finance
47,Stewart Leech,UM,https://findanexpert.unimelb.edu.au/profile/278,Professor,E,Finance
48,Anne Lillis,UM,https://findanexpert.unimelb.edu.au/profile/14425,Professor,E,Finance
49,Junhao Liu,UM,https://findanexpert.unimelb.edu.au/profile/1093039,Senior Lecturer,C,Finance
50,Rebecca Mattocks,UM,https://fbe.unimelb.edu.au/our-people/staff/accounting/rebecca-mattocks,Lecturer,B,Finance
51,Vic Naiker,UM,https://findanexpert.unimelb.edu.au/profile/798347,Professor,E,Finance
52,Sujay Nair,UM,https://findanexpert.unimelb.edu.au/profile/429349,Senior Lecturer,C,Finance
53,Matthew Pinnuck,UM,https://findanexpert.unimelb.edu.au/profile/1798,Professor,E,Finance
54,Brad Potter,UM,https://findanexpert.unimelb.edu.au/profile/20553,Professor,E,Finance
55,Bo Qin,UM,https://findanexpert.unimelb.edu.au/profile/743093,Associate Professor,D,Finance
56,Stefan Schantl,UM,https://findanexpert.unimelb.edu.au/profile/761836,Senior Lecturer,C,Finance
57,Naomi Soderstrom,UM,https://findanexpert.unimelb.edu.au/profile/183513,Professor,E,Finance
58,Nasser A. Spear,UM,https://findanexpert.unimelb.edu.au/profile/1559,Professor,E,Finance
59,Maiying Sui,UM,https://fbe.unimelb.edu.au/our-people/staff/accounting/maiying-sui,Lecturer,B,Finance
60,Michael Taouk,UM,https://fbe.unimelb.edu.au/our-people/staff/accounting/michael-taouk,Lecturer,B,Finance
61,Eu-Jin Teo,UM,https://findanexpert.unimelb.edu.au/profile/52200,Senior Lecturer,C,Finance
62,Di (Demi) Wang,UM,https://fbe.unimelb.edu.au/our-people/staff/accounting/demi-wang,Lecturer,B,Finance
63,Martin Weisner,UM,https://findanexpert.unimelb.edu.au/profile/796580,Senior Lecturer,C,Finance
64,Qingbo Yuan,UM,https://findanexpert.unimelb.edu.au/profile/233936,Senior Lecturer,C,Finance
65,Paul Wiseman,UM,https://fbe.unimelb.edu.au/our-people/staff/accounting/paul-wiseman,Lecturer,B,Finance
66,Nicole Ang,UNSW,https://www.unsw.edu.au/staff/nicole-ang,Senior Lecturer,C,Finance
67,Maria Balatbat,UNSW,https://www.unsw.edu.au/staff/maria-balatbat,Senior Lecturer,C,Finance
68,Dale Boccabella,UNSW,https://www.unsw.edu.au/staff/dale-boccabella,Associate Professor,D,Finance
69,Rodney Brown,UNSW,https://www.unsw.edu.au/staff/rodney-brown,Senior Lecturer,C,Finance
70,Linda Chang,UNSW,https://www.unsw.edu.au/staff/linda-chang,Associate Professor,D,Finance
71,Wei Chen,UNSW,https://www.unsw.edu.au/staff/wei-chen,Professor,E,Finance
72,Mandy Cheng,UNSW,https://www.unsw.edu.au/staff/mandy-cheng,Professor,E,Finance
73,Demi Chung,UNSW,https://www.unsw.edu.au/staff/demi-chung,Senior Lecturer,C,Finance
74,Victoria Clout,UNSW,https://www.unsw.edu.au/staff/victoria-clout,Senior Lecturer,C,Finance
75,Conor Clune,UNSW,https://www.unsw.edu.au/staff/conor-clune,Associate Professor,D,Finance
76,Jeff Coulton,UNSW,https://www.unsw.edu.au/staff/jeff-coulton,Associate Professor,D,Finance
77,Lili Dai,UNSW,https://www.unsw.edu.au/staff/lili-dai,Associate Professor,D,Finance
78,Sander De Groote,UNSW,https://www.unsw.edu.au/staff/sander-de-groote,Senior Lecturer,C,Finance
79,Tanya Fiedler,UNSW,https://www.unsw.edu.au/staff/tanya-fiedler,Senior Lecturer,C,Finance
80,Noel Harding,UNSW,https://www.unsw.edu.au/staff/noel-harding,Professor,E,Finance
81,Hien Hoang,UNSW,https://www.unsw.edu.au/staff/hien-hoang,Senior Lecturer,C,Finance
82,Sarowar Hossain,UNSW,https://www.unsw.edu.au/staff/sarowar-hossain,Senior Lecturer,C,Finance
83,Kerry Humphreys,UNSW,https://www.unsw.edu.au/staff/kerry-humphreys,Professor,E,Finance
84,Andrew Jackson,UNSW,https://www.unsw.edu.au/staff/andrew-jackson,Associate Professor,D,Finance
85,Helen Kang,UNSW,https://www.unsw.edu.au/staff/helen-kang,Associate Professor,D,Finance
86,Ann Kayis-Kumar,UNSW,https://www.unsw.edu.au/staff/ann-kayis-kumar,Associate Professor,D,Finance
87,Rachael Lewis,UNSW,https://www.unsw.edu.au/staff/rachael-lewis,Senior Lecturer,C,Finance
88,Leonard Leye Li,UNSW,https://www.unsw.edu.au/staff/leonard-leye-li,Senior Lecturer,C,Finance
89,Youngdeok Lim,UNSW,https://www.unsw.edu.au/staff/youngdeok-lim,Associate Professor,D,Finance
90,Gordon Mackenzie,UNSW,https://www.unsw.edu.au/staff/gordon-mackenzie,Senior Lecturer,C,Finance
91,Malcolm Miller,UNSW,https://www.unsw.edu.au/staff/malcolm-miller,Associate Professor,D,Finance
92,Gary Monroe,UNSW,https://www.unsw.edu.au/staff/gary-monroe,Professor,E,Finance
93,Kate Morgan,UNSW,https://www.unsw.edu.au/staff/kate-morgan,Senior Lecturer,C,Finance
94,Richard Morris,UNSW,https://www.unsw.edu.au/staff/richard-morris1,Associate Professor,D,Finance
95,Zihang Peng,UNSW,https://www.unsw.edu.au/staff/zihang-peng,Senior Lecturer,C,Finance
96,Yee Shih Phua,UNSW,https://www.unsw.edu.au/staff/yee-shih-phua,Senior Lecturer,C,Finance
97,Greg Richins,UNSW,https://www.unsw.edu.au/staff/greg-richins,Lecturer,B,Finance
98,Stuart Taylor,UNSW,https://www.unsw.edu.au/staff/stuart-taylor,Lecturer,B,Finance
99,Binh Tran-Nam,UNSW,https://www.unsw.edu.au/staff/binh-tran-nam,Professor,E,Finance
100,Ken Trotman,UNSW,https://www.unsw.edu.au/staff/ken-trotman,Professor,E,Finance
101,Kristina Vojvoda,UNSW,https://www.unsw.edu.au/staff/kristina-vojvoda,Lecturer,B,Finance
102,Michael Walpole,UNSW,https://www.unsw.edu.au/staff/michael-walpole,Professor,E,Finance
103,Yan Xu,UNSW,https://www.unsw.edu.au/staff/yan-xu,Professor,E,Finance
104,Francisco Barillas Bedoya,UNSW,https://www.unsw.edu.au/staff/francisco-barillas-bedoya,Professor,E,Finance
105,Oleg Chuprinin,UNSW,https://www.unsw.edu.au/staff/oleg-chuprinin,Associate Professor,D,Finance
106,David Colwell,UNSW,https://www.unsw.edu.au/staff/david-colwell,Senior Lecturer,C,Finance
107,Wesley Deng,UNSW,https://www.unsw.edu.au/staff/wesley-deng,Lecturer,B,Finance
108,David Feldman,UNSW,https://www.unsw.edu.au/staff/david-feldman,Professor,E,Finance
109,Kingsley Fong,UNSW,https://www.unsw.edu.au/staff/kingsley-fong,Associate Professor,D,Finance
110,Mathieu Fournier,UNSW,https://www.unsw.edu.au/staff/mathieu-fournier,Associate Professor,D,Finance
111,Luis Filipe Goncalves-Pinto,UNSW,https://www.unsw.edu.au/staff/luis-filipe-goncalves-pinto,Associate Professor,D,Finance
112,Mark Humphery-Jenner,UNSW,https://www.unsw.edu.au/staff/mark-humphery-jenner,Associate Professor,D,Finance
113,Yeejin Jang,UNSW,https://www.unsw.edu.au/staff/yeejin-jang,Associate Professor,D,Finance
114,Alexandre Jeanneret,UNSW,https://www.unsw.edu.au/staff/alexandre-jeanneret,Professor,E,Finance
115,Anatoly Kirievsky,UNSW,https://www.unsw.edu.au/staff/anatoly-kirievsky,,,Finance
116,Amy Kwan,UNSW,https://www.unsw.edu.au/staff/amy-kwan,Senior Lecturer,C,Finance
117,Ian Kwan,UNSW,https://www.unsw.edu.au/staff/ian-kwan,Senior Lecturer,C,Finance
118,Evelyn Lai,UNSW,https://www.unsw.edu.au/staff/evelyn-lai,Lecturer,B,Finance
119,Suk Lee,UNSW,https://www.unsw.edu.au/staff/suk-lee,Lecturer,B,Finance
120,Yiping Lin,UNSW,https://www.unsw.edu.au/staff/yiping-lin,Lecturer,B,Finance
121,Benjamin Loos,UNSW,https://www.unsw.edu.au/staff/benjamin-loos,Associate Professor,D,Finance
122,Ronald Masulis,UNSW,https://www.unsw.edu.au/staff/ronald-masulis,Professor,E,Finance
123,Fariborz Moshirian,UNSW,https://www.unsw.edu.au/staff/fariborz-moshirian,Professor,E,Finance
124,Natalie Oh,UNSW,https://www.unsw.edu.au/staff/natalie-oh,Senior Lecturer,C,Finance
125,Jerry Parwada,UNSW,https://www.unsw.edu.au/staff/jerry-parwada,Professor,E,Finance
126,Elise Payzan,UNSW,https://www.unsw.edu.au/staff/elise-payzan,Professor,E,Finance
127,Jonathan Reeves,UNSW,https://www.unsw.edu.au/staff/jonathan-reeves,Senior Lecturer,C,Finance
128,Kristle Romero Cortes,UNSW,https://www.unsw.edu.au/staff/kristle-romero-cortes,Associate Professor,D,Finance
129,Thomas Ruf,UNSW,https://www.unsw.edu.au/staff/thomas-ruf,Senior Lecturer,C,Finance
130,Breno Schmidt,UNSW,https://www.unsw.edu.au/staff/breno-schmidt,Associate Professor,D,Finance
131,Rik Sen,UNSW,https://www.unsw.edu.au/staff/rik-sen,Associate Professor,D,Finance
132,Jianfeng Shen,UNSW,https://www.unsw.edu.au/staff/jianfeng-shen,Associate Professor,D,Finance
133,Elvira Sojli,UNSW,https://www.unsw.edu.au/staff/elvira-sojli,Associate Professor,D,Finance
134,Peter Swan,UNSW,https://www.unsw.edu.au/staff/peter-swan,Professor,E,Finance
135,Wing Wah Tham,UNSW,https://www.unsw.edu.au/staff/wing-wah-tham,Associate Professor,D,Finance
136,Thuy Duong To,UNSW,https://www.unsw.edu.au/staff/thuy-to,Associate Professor,D,Finance
137,Robert Tumarkin,UNSW,https://www.unsw.edu.au/staff/robert-tumarkin,Senior Lecturer,C,Finance
138,Yuchen Xu,UNSW,https://www.unsw.edu.au/staff/yuchen-xu,Senior Lecturer,C,Finance
139,Zhaoxia Xu,UNSW,https://www.unsw.edu.au/staff/zhaoxia-xu,Associate Professor,D,Finance
140,Li Yang,UNSW,https://www.unsw.edu.au/staff/li-yang,Professor,E,Finance
141,Jason Zein,UNSW,https://www.unsw.edu.au/staff/jason-zein,Professor,E,Finance
142,Sherry Zhang,UNSW,https://www.unsw.edu.au/staff/sherry-zhang,Lecturer,B,Finance
143,Janine Coupe,USYD,https://sydney.edu.au/business/about/our-people/academic-staff/janine.coupe.html,Senior Lecturer,C,Finance
144,Jane Andrew,USYD,https://sydney.edu.au/business/about/our-people/academic-staff/jane.andrew.html,Professor,E,Finance
145,Baljit Sidhu,USYD,https://sydney.edu.au/business/about/our-people/academic-staff/baljit.sidhu.html,Professor,E,Finance
146,Abdul Razeed,USYD,https://sydney.edu.au/business/about/our-people/academic-staff/abdul.razeed.html,Senior Lecturer,C,Finance
147,Clinton Free,USYD,https://sydney.edu.au/business/about/our-people/academic-staff/clinton.free.html,Professor,E,Finance
148,Emeritus Murray Wells,USYD,https://sydney.edu.au/business/about/our-people/academic-staff/murray.wells.html,Professor Emeritus,E,Finance
149,John Roberts,USYD,https://sydney.edu.au/business/about/our-people/academic-staff/john.roberts.html,Professor,E,Finance
150,Stewart Jones,USYD,https://sydney.edu.au/business/about/our-people/academic-staff/stewart.jones.html,Professor,E,Finance
151,Emeritus Robert Walker,USYD,https://sydney.edu.au/business/about/our-people/academic-staff/robert.walker.html,Professor Emeritus,E,Finance
152,Emeritus Graeme Dean,USYD,https://sydney.edu.au/business/about/our-people/academic-staff/graeme.dean.html,Professor Emeritus,E,Finance
153,Emeritus Peter Wolnizer,USYD,https://sydney.edu.au/business/about/our-people/academic-staff/peter.wolnizer.html,Professor Emeritus,E,Finance
154,Max Baker,USYD,https://sydney.edu.au/business/about/our-people/academic-staff/max.baker.html,Professor,E,Finance
155,Sandra Van Der Laan,USYD,https://sydney.edu.au/business/about/our-people/academic-staff/sandra.vanderlaan.html,Professor,E,Finance
156,Demetris Christodoulou,USYD,https://sydney.edu.au/business/about/our-people/academic-staff/demetris.christodoulou.html,Associate Professor,D,Finance
157,Ravi Seethamraju,USYD,https://sydney.edu.au/business/about/our-people/academic-staff/ravi.seethamraju.html,Associate Professor,D,Finance
158,Geoff Frost,USYD,https://sydney.edu.au/business/about/our-people/academic-staff/geoffrey.frost.html,Associate Professor,D,Finance
159,Maria Dyball,USYD,https://sydney.edu.au/business/about/our-people/academic-staff/maria.dyball.html,Associate Professor,D,Finance
160,David Chaikin,USYD,https://sydney.edu.au/business/about/our-people/academic-staff/david.chaikin.html,Associate Professor,D,Finance
161,Paul Blayney,USYD,https://sydney.edu.au/business/about/our-people/academic-staff/paul.blayney.html,Lecturer,B,Finance
162,Kaiying Ji,USYD,https://sydney.edu.au/business/about/our-people/academic-staff/kaiying.ji.html,Lecturer,B,Finance
163,Roel Boomsma,USYD,https://sydney.edu.au/business/about/our-people/academic-staff/roel.boomsma.html,Senior Lecturer,C,Finance
164,Louise Luff,USYD,https://sydney.edu.au/business/about/our-people/academic-staff/louise.luff.html,Lecturer,B,Finance
165,Anna Young-Ferris,USYD,https://sydney.edu.au/business/about/our-people/academic-staff/anna.young-ferris.html,,,Finance
166,Chang-Yuan Loh,USYD,https://sydney.edu.au/business/about/our-people/academic-staff/chang.loh.html,Lecturer,B,Finance
167,Matthew Egan,USYD,https://sydney.edu.au/business/about/our-people/academic-staff/matthew.egan.html,Senior Lecturer,C,Finance
168,Wes Hamilton-Jessop,USYD,https://sydney.edu.au/business/about/our-people/academic-staff/wes.hamilton-jessop.html,Lecturer,B,Finance
169,Timothy Wang,USYD,https://sydney.edu.au/business/about/our-people/academic-staff/timothy.wang.html,Lecturer,B,Finance
170,Shan Zhou,USYD,https://sydney.edu.au/business/about/our-people/academic-staff/shan.zhou.html,Senior Lecturer,C,Finance
171,Vijaya Murthy,USYD,https://sydney.edu.au/business/about/our-people/academic-staff/vijaya.murthy.html,Senior Lecturer,C,Finance
172,Eagle Zhang,USYD,https://sydney.edu.au/business/about/our-people/academic-staff/eagle.zhang.html,Senior Lecturer,C,Finance
173,Mark Waddington,USYD,https://sydney.edu.au/business/about/our-people/academic-staff/mark.waddington.html,Associate Lecturer,A,Finance
174,Simon Tan,USYD,https://sydney.edu.au/business/about/our-people/academic-staff/simon.tan.html,Senior Lecturer,C,Finance
175,Rodney Coyte,USYD,https://sydney.edu.au/business/about/our-people/academic-staff/rodney.coyte.html,Senior Lecturer,C,Finance
176,Cary DiLernia,USYD,https://sydney.edu.au/business/about/our-people/academic-staff/cary.dilernia.html,Senior Lecturer,C,Finance
177,Jo Wang,USYD,https://sydney.edu.au/business/about/our-people/academic-staff/jo.wang.html,Associate Lecturer,A,Finance
178,Reaven Yu,USYD,https://sydney.edu.au/business/about/our-people/academic-staff/lichen.yu.html,Lecturer,B,Finance
179,Nurul Alam,USYD,https://sydney.edu.au/business/about/our-people/academic-staff/nurul.alam.html,Lecturer,B,Finance
180,Chuan Yu,USYD,https://sydney.edu.au/business/about/our-people/academic-staff/c.yu.html,Lecturer,B,Finance
181,Angela Hecimovic,USYD,https://sydney.edu.au/business/about/our-people/academic-staff/angela.hecimovic.html,Senior Lecturer,C,Finance
182,Tina Huynh,USYD,https://sydney.edu.au/business/about/our-people/academic-staff/tina.huynh.html,Lecturer,B,Finance
183,Fei Gao,USYD,https://sydney.edu.au/business/about/our-people/academic-staff/fei.gao.html,Lecturer,B,Finance
184,Farzana Tanima,USYD,https://sydney.edu.au/business/about/our-people/academic-staff/farzana.tanima.html,Senior Lecturer,C,Finance
185,Ross Hodgson,USYD,http://sydney.edu.au/law/about/people/profiles/ross.hodgson.php,Lecturer,B,Finance
186,Danika Wright,USYD,https://sydney.edu.au/business/about/our-people/academic-staff/danika.wright.html,Associate Professor,D,Finance
187,Eliza Wu,USYD,https://sydney.edu.au/business/about/our-people/academic-staff/eliza.wu.html,Professor,E,Finance
188,Guanglian Hu,USYD,https://sydney.edu.au/business/about/our-people/academic-staff/guanglian.hu.html,Senior Lecturer,C,Finance
189,Craig Mellare,USYD,https://sydney.edu.au/business/about/our-people/academic-staff/craig.mellare.html,Lecturer,B,Finance
190,Danilo Lopomo Beteto,USYD,https://sydney.edu.au/business/about/our-people/academic-staff/danilo.lopomobeteto.html,,,Finance
191,Buhui Qiu,USYD,https://sydney.edu.au/business/about/our-people/academic-staff/buhui.qiu.html,Professor,E,Finance
192,Suk-Joong Kim,USYD,https://sydney.edu.au/business/about/our-people/academic-staff/sukjoong.kim.html,Professor,E,Finance
193,Susan Thorp,USYD,https://sydney.edu.au/business/about/our-people/academic-staff/susan.thorp.html,Professor,E,Finance
194,Peter Pham,USYD,https://sydney.edu.au/business/about/our-people/academic-staff/peter.pham.html,Professor,E,Finance
195,Joakim Westerholm,USYD,https://sydney.edu.au/business/about/our-people/academic-staff/joakim.westerholm.html,Professor,E,Finance
196,Iftekhar Hasan,USYD,https://sydney.edu.au/business/about/our-people/academic-staff/iftekhar.hasan.html,Professor,E,Finance
197,Jing Yu,USYD,https://sydney.edu.au/business/about/our-people/academic-staff/jing.yu.html,Associate Professor,D,Finance
198,Andrew Grant,USYD,https://sydney.edu.au/business/about/our-people/academic-staff/andrew.grant.html,Associate Professor,D,Finance
199,Quan Gan,USYD,https://sydney.edu.au/business/about/our-people/academic-staff/quan.gan.html,Associate Professor,D,Finance
200,Shumi Akhtar,USYD,https://sydney.edu.au/business/about/our-people/academic-staff/shumi.akhtar.html,Associate Professor,D,Finance
201,Doowon Lee,USYD,https://sydney.edu.au/business/about/our-people/academic-staff/doowon.lee.html,Associate Professor,D,Finance
202,Jiri Svec,USYD,https://sydney.edu.au/business/about/our-people/academic-staff/jiri.svec.html,Associate Professor,D,Finance
203,Wei Cui,USYD,https://sydney.edu.au/business/about/our-people/academic-staff/wei.cui.html,Lecturer,B,Finance
204,Guangqian Pan,USYD,https://sydney.edu.au/business/about/our-people/academic-staff/guangqian.pan.html,Lecturer,B,Finance
205,Mandeep Singh,USYD,https://sydney.edu.au/business/about/our-people/academic-staff/mandeep.singh.html,Lecturer,B,Finance
206,Andre Lot,USYD,https://sydney.edu.au/business/about/our-people/academic-staff/andre.lot.html,,,Finance
207,Cara Vansteenkiste,USYD,https://sydney.edu.au/business/about/our-people/academic-staff/cara.vansteenkiste.html,Fellow,B,Finance
208,Reuben Segara,USYD,https://sydney.edu.au/business/about/our-people/academic-staff/reuben.segara.html,Senior Lecturer,C,Finance
209,Hamish Malloch,USYD,https://sydney.edu.au/business/about/our-people/academic-staff/hamish.malloch.html,Senior Lecturer,C,Finance
210,Miss Daisy Liu,USYD,https://sydney.edu.au/business/about/our-people/academic-staff/ya.liu.html,,,Finance
211,Yancheng Qiu,USYD,https://sydney.edu.au/business/about/our-people/academic-staff/yancheng.qiu.html,Lecturer,B,Finance
212,Henry Leung,USYD,https://sydney.edu.au/business/about/our-people/academic-staff/henry.leung.html,Senior Lecturer,C,Finance
213,Richard Philip,USYD,https://sydney.edu.au/business/about/our-people/academic-staff/richard.philip.html,Senior Lecturer,C,Finance
214,He Huang,USYD,https://sydney.edu.au/business/about/our-people/academic-staff/he.huang.html,Lecturer,B,Finance
215,Claire Liu,USYD,https://sydney.edu.au/business/about/our-people/academic-staff/claire.liu.html,Senior Lecturer,C,Finance
216,Angelo Aspris,USYD,https://sydney.edu.au/business/about/our-people/academic-staff/angelo.aspris.html,Senior Lecturer,C,Finance
217,Haekwon Lee,USYD,https://sydney.edu.au/business/about/our-people/academic-staff/haekwon.lee.html,Senior Lecturer,C,Finance
218,George Issa,USYD,https://sydney.edu.au/business/about/our-people/academic-staff/george.issa.html,Lecturer,B,Finance
219,Yang Wang,USYD,https://sydney.edu.au/business/about/our-people/academic-staff/yang.wang2.html,Lecturer,B,Finance
220,Danielle Kent,USYD,https://sydney.edu.au/business/about/our-people/academic-staff/danielle.kent.html,Fellow,B,Finance
221,Elvis Jarnecic,USYD,https://sydney.edu.au/business/about/our-people/academic-staff/elvis.jarnecic.html,Senior Lecturer,C,Finance
222,Jennifer Sun,USYD,https://sydney.edu.au/business/about/our-people/academic-staff/jennifer.sun.html,Lecturer,B,Finance
223,Juan Yao,USYD,https://sydney.edu.au/business/about/our-people/academic-staff/juan.yao.html,Senior Lecturer,C,Finance
224,Tro Kortian,USYD,https://sydney.edu.au/business/about/our-people/academic-staff/tro.kortian.html,Lecturer,B,Finance
225,Lantian Liang,USYD,https://sydney.edu.au/business/about/our-people/academic-staff/lantian.liang.html,Lecturer,B,Finance
226,Thomas To,USYD,https://sydney.edu.au/business/about/our-people/academic-staff/thomas.to.html,Lecturer,B,Finance
227,Matthew Peters,UQ,https://business.uq.edu.au/profile/1040/matthew-peters,Lecturer,B,Finance
228,Suman Neupane-Joshi,UQ,https://business.uq.edu.au/profile/1079/suman-neupane-joshi,Senior Lecturer,C,Finance
229,Eric Tan,UQ,https://business.uq.edu.au/profile/1085/eric-tan,Senior Lecturer,C,Finance
230,Yong Ming Chen,UQ,https://business.uq.edu.au/profile/12939/yong-ming-chen,,,Finance
231,Mark Wallis,UQ,https://business.uq.edu.au/profile/1418/mark-wallis,Senior Lecturer,C,Finance
232,Byungki Kim,UQ,https://business.uq.edu.au/profile/1424/byungki-kim,Lecturer,B,Finance
233,Ankit Jain,UQ,https://business.uq.edu.au/profile/1433/ankit-jain,Senior Lecturer,C,Finance
234,Peter Do,UQ,https://business.uq.edu.au/profile/1445/peter-do,Senior Lecturer,C,Finance
235,Min Zhu,UQ,https://business.uq.edu.au/profile/1448/min-zhu,Associate Professor,D,Finance
236,Yang Xu,UQ,https://business.uq.edu.au/profile/1487/yang-xu,Lecturer,B,Finance
237,Cecilia Chiu,UQ,https://business.uq.edu.au/profile/1496/cecilia-chiu,Lecturer,B,Finance
238,Muhammad Nadeem,UQ,https://business.uq.edu.au/profile/15364/muhammad-nadeem,Associate Professor,D,Finance
239,Kathleen Herbohn,UQ,https://business.uq.edu.au/profile/170/kathleen-herbohn,Professor,E,Finance
240,Weiting Hu,UQ,https://business.uq.edu.au/profile/17174/weiting-hu,Lecturer,B,Finance
241,Chris Bell,UQ,https://business.uq.edu.au/profile/17730/chris-bell,Lecturer,B,Finance
242,Mia Han,UQ,https://business.uq.edu.au/profile/18291/mia-han,Lecturer,B,Finance
243,Hasibul Chowdhury,UQ,https://business.uq.edu.au/profile/1865/hasibul-chowdhury,Senior Lecturer,C,Finance
244,Dewan Rahman,UQ,https://business.uq.edu.au/profile/1868/dewan-rahman,Senior Lecturer,C,Finance
245,Bobae Choi,UQ,https://business.uq.edu.au/profile/18873/bobae-choi,Associate Professor,D,Finance
246,Xin Yu,UQ,https://business.uq.edu.au/profile/2201/xin-yu,Associate Professor,D,Finance
247,Robyn King,UQ,https://business.uq.edu.au/profile/230/robyn-king,Associate Professor,D,Finance
248,Sergeja Slapnicar,UQ,https://business.uq.edu.au/profile/2386/sergeja-slapnicar,Associate Professor,D,Finance
249,Kelvin Tan,UQ,https://business.uq.edu.au/profile/248/kelvin-tan,Associate Professor,D,Finance
250,Leo Luong,UQ,https://business.uq.edu.au/profile/2530/leo-luong,Lecturer,B,Finance
251,Lily Nguyen,UQ,https://business.uq.edu.au/profile/2569/lily-nguyen,Senior Lecturer,C,Finance
252,Khoa Hoang,UQ,https://business.uq.edu.au/profile/404/khoa-hoang,Senior Lecturer,C,Finance
253,Ronghong Huang,UQ,https://business.uq.edu.au/profile/407/ronghong-huang,Senior Lecturer,C,Finance
254,Natalie Peng,UQ,https://business.uq.edu.au/profile/410/natalie-peng,Lecturer,B,Finance
255,Elizabeth Zhu,UQ,https://business.uq.edu.au/profile/482/elizabeth-zhu,Senior Lecturer,C,Finance
256,Saphira Rekker,UQ,https://business.uq.edu.au/profile/542/saphira-rekker,Fellow,B,Finance
257,Jacquelyn Humphrey,UQ,https://business.uq.edu.au/profile/572/jacquelyn-humphrey,Professor,E,Finance
258,Shaun Bond,UQ,https://business.uq.edu.au/profile/6239/shaun-bond,Professor,E,Finance
259,Grace Hsu,UQ,https://business.uq.edu.au/profile/68/grace-hsu,Lecturer,B,Finance
260,Peter Clarkson,UQ,https://business.uq.edu.au/profile/812/peter-clarkson,Professor,E,Finance
261,Stephen Gray,UQ,https://business.uq.edu.au/profile/830/stephen-gray,Professor,E,Finance
262,Michael Turner,UQ,https://business.uq.edu.au/profile/887/michael-turner,Senior Lecturer,C,Finance
263,Vanitha Ragunathan,UQ,https://business.uq.edu.au/profile/89/vanitha-ragunathan,Senior Lecturer,C,Finance
264,Lin Mi,UQ,https://business.uq.edu.au/profile/896/lin-mi,Senior Lecturer,C,Finance
265,Nicolas Eugster,UQ,https://business.uq.edu.au/profile/8977/nicolas-eugster,Senior Lecturer,C,Finance
266,Yunyan Zhang,UA,http://researchers.adelaide.edu.au/profile/yunyan.zhang,Senior Lecturer,C,Finance
267,Pide Lun,UA,https://researchers.adelaide.edu.au/profile/pide.lun,,,Finance
268,Kevin Li,UA,https://researchers.adelaide.edu.au/profile/k.li,Associate Professor,D,Finance
269,Wei Li,UA,http://researchers.adelaide.edu.au/profile/wei.li02,Senior Lecturer,C,Finance
270,George Mihaylov,UA,https://researchers.adelaide.edu.au/profile/george.mihaylov,Senior Lecturer,C,Finance
271,Mahmud Masum,UA,http://researchers.adelaide.edu.au/profile/mahmud.masum,Lecturer,B,Finance
272,Ivan Indriawan,UA,https://researchers.adelaide.edu.au/profile/ivan.indriawan,Senior Lecturer,C,Finance
273,Jean Canil,UA,https://researchers.adelaide.edu.au/profile/jean.canil,Associate Professor,D,Finance
274,Chelsea Liu,UA,http://researchers.adelaide.edu.au/profile/chelsea.liu,Associate Professor,D,Finance
275,Md Afnan Hossain,UA,https://researchers.adelaide.edu.au/profile/mdafnan.hossain,Lecturer,B,Finance
276,Marta Khomyn,UA,https://researchers.adelaide.edu.au/profile/marta.khomyn,Lecturer,B,Finance
277,Ilker Cingillioglu,UA,https://researchers.adelaide.edu.au/profile/ilker.cingillioglu,Senior Lecturer,C,Finance
278,Max Bessell,UA,http://researchers.adelaide.edu.au/profile/max.bessell,Associate Professor,D,Finance
279,Limin Xu,UA,https://researchers.adelaide.edu.au/profile/limin.xu,Senior Lecturer,C,Finance
280,Paul Coram,UA,https://researchers.adelaide.edu.au/profile/paul.coram,Professor,E,Finance
281,Jane Luo,UA,https://researchers.adelaide.edu.au/profile/jane.luo,Senior Lecturer,C,Finance
282,Su Kim,UA,http://researchers.adelaide.edu.au/profile/su.kim,Lecturer,B,Finance
283,Lan Phuong Nguyen,UA,http://researchers.adelaide.edu.au/profile/lanphuong.nguyen,Lecturer,B,Finance
284,Sigitas Karpavicius,UA,https://researchers.adelaide.edu.au/profile/sigitas.karpavicius,Associate Professor,D,Finance
285,Bryan Howieson,UA,https://researchers.adelaide.edu.au/profile/bryan.howieson,,,Finance
286,Indrit Troshani,UA,https://researchers.adelaide.edu.au/profile/indrit.troshani,Professor,E,Finance
287,Gary Tan,UA,https://researchers.adelaide.edu.au/profile/gary.tan,Lecturer,B,Finance
288,Alfred Yawson,UA,https://researchers.adelaide.edu.au/profile/alfred.yawson,Professor,E,Finance
289,Chee Cheong,UA,https://researchers.adelaide.edu.au/profile/chee.cheong,Associate Professor,D,Finance
290,Xiaopeng Wei,UA,https://researchers.adelaide.edu.au/profile/xiaopeng.wei,Lecturer,B,Finance
291,Lisa Powell,UA,http://researchers.adelaide.edu.au/profile/lisa.powell,Senior Lecturer,C,Finance
292,Janice Loftus,UA,http://researchers.adelaide.edu.au/profile/janice.loftus,Associate Professor,D,Finance
293,Shunji Mei,UA,http://researchers.adelaide.edu.au/profile/shunji.mei,Lecturer,B,Finance
294,Rui Zhong,UWA,https://research-repository.uwa.edu.au/en/persons/rui-zhong,Senior Lecturer,C,Finance
295,Antony Gray,UWA,https://research-repository.uwa.edu.au/en/persons/antony-gray,Lecturer,B,Finance
296,Elizabeth Ooi,UWA,https://research-repository.uwa.edu.au/en/persons/elizabeth-ooi,Senior Lecturer,C,Finance
297,Mosharraf Hossain,UWA,https://research-repository.uwa.edu.au/en/persons/mosharraf-hossain,Lecturer,B,Finance
298,Leo Langa,UWA,https://research-repository.uwa.edu.au/en/persons/leo-langa,Professor,E,Finance
299,Duc Vo,UWA,https://research-repository.uwa.edu.au/en/persons/duc-vo,Lecturer,B,Finance
300,Mark Holub,UWA,https://research-repository.uwa.edu.au/en/persons/mark-holub,Lecturer,B,Finance
301,Dirk Baur,UWA,https://research-repository.uwa.edu.au/en/persons/dirk-baur,Professor,E,Finance
302,Warrick Van Zyl,UWA,https://research-repository.uwa.edu.au/en/persons/warrick-van-zyl,Associate Professor,D,Finance
303,Phil Hancock,UWA,https://research-repository.uwa.edu.au/en/persons/phil-hancock,Professor,E,Finance
304,Stijn Masschelein,UWA,https://research-repository.uwa.edu.au/en/persons/stijn-masschelein,Senior Lecturer,C,Finance
305,Alex Zhang,UWA,https://research-repository.uwa.edu.au/en/persons/alex-zhang,Lecturer,B,Finance
306,Daniel Cahill,UWA,https://research-repository.uwa.edu.au/en/persons/daniel-cahill,Lecturer,B,Finance
307,Nikki Schonfeldt,UWA,https://research-repository.uwa.edu.au/en/persons/nikki-schonfeldt,Senior Lecturer,C,Finance
308,Russell Poskitt,UWA,https://research-repository.uwa.edu.au/en/persons/russell-poskitt,Senior Lecturer,C,Finance
309,Paul Gerrans,UWA,https://research-repository.uwa.edu.au/en/persons/paul-gerrans,Professor,E,Finance
310,David Gilchrist,UWA,https://research-repository.uwa.edu.au/en/persons/david-gilchrist,Professor,E,Finance
311,Kam Chan,UWA,https://research-repository.uwa.edu.au/en/persons/kam-chan,Associate Professor,D,Finance
312,Farhan Shazia,UWA,https://research-repository.uwa.edu.au/en/persons/farhan-shazia,Lecturer,B,Finance
313,Glen Hutchings,UWA,https://research-repository.uwa.edu.au/en/persons/glen-hutchings,Lecturer,B,Finance
314,Prerana Agrawal,UWA,https://research-repository.uwa.edu.au/en/persons/prerana-agrawal,Lecturer,B,Finance
315,Yihui Lan,UWA,https://research-repository.uwa.edu.au/en/persons/yihui-lan,Senior Lecturer,C,Finance
316,Chloe Ho,UWA,https://research-repository.uwa.edu.au/en/persons/choy-yeing-ho,Senior Lecturer,C,Finance
317,Thanesvary Subraamanniam,UWA,https://research-repository.uwa.edu.au/en/persons/thanesvary-subraamanniam,Lecturer,B,Finance
318,Lee Smales,UWA,https://research-repository.uwa.edu.au/en/persons/lee-smales,Professor,E,Finance
319,Ricky Chung,UWA,https://research-repository.uwa.edu.au/en/persons/ricky-chung,Lecturer,B,Finance
320,George Shan,UWA,https://research-repository.uwa.edu.au/en/persons/george-shan,Associate Professor,D,Finance
321,Lai Hoang,UWA,https://research-repository.uwa.edu.au/en/persons/lai-hoang,Lecturer,B,Finance
322,Gary Smith,UWA,https://research-repository.uwa.edu.au/en/persons/gary-smith,Associate Lecturer,A,Finance
323,Vincent Chong,UWA,https://research-repository.uwa.edu.au/en/persons/vincent-chong,Professor,E,Finance
324,Yuanji Wen,UWA,https://research-repository.uwa.edu.au/en/persons/yuanji-wen,Senior Lecturer,C,Finance
325,Lyndie Bayne,UWA,https://research-repository.uwa.edu.au/en/persons/lyndie-bayne,Senior Lecturer,C,Finance
326,Thao Hoang,UWA,https://research-repository.uwa.edu.au/en/persons/thao-hoang,Lecturer,B,Finance
327,Collette Chesters,UWA,https://research-repository.uwa.edu.au/en/persons/collette-chesters,Lecturer,B,Finance
328,Frank Liu,UWA,https://research-repository.uwa.edu.au/en/persons/frank-liu,Associate Professor,D,Finance
329,Joey Yang,UWA,https://research-repository.uwa.edu.au/en/persons/joey-yang,Associate Professor,D,Finance
330,Steven Wu,ANU,https://researchportalplus.anu.edu.au/en/persons/steven-wu,,,Finance
331,Xianming Zhou,ANU,https://researchportalplus.anu.edu.au/en/persons/xianming-zhou,Associate Professor,D,Finance
332,Steve Sault,ANU,https://researchportalplus.anu.edu.au/en/persons/steve-sault,,,Finance
333,Adam Butt,ANU,https://researchportalplus.anu.edu.au/en/persons/adam-butt,Associate Professor,D,Finance
334,"Alan Welsh, FAA",ANU,https://researchportalplus.anu.edu.au/en/persons/alan-welsh,,,Finance
335,Sonali Walpola,ANU,https://researchportalplus.anu.edu.au/en/persons/sonali-walpola,,,Finance
336,Andrew Wood,ANU,https://researchportalplus.anu.edu.au/en/persons/andrew-wood,,,Finance
337,Yichao Zhu,ANU,https://researchportalplus.anu.edu.au/en/persons/yichao-zhu,,,Finance
338,Kassel Hingee,ANU,https://researchportalplus.anu.edu.au/en/persons/kassel-hingee,Fellow,B,Finance
339,Zhichao Wang,ANU,https://researchportalplus.anu.edu.au/en/persons/zhichao-wang,Lecturer,B,Finance
340,"Michael Martin, PFHEA",ANU,https://researchportalplus.anu.edu.au/en/persons/michael-martin,Professor,E,Finance
341,Mu Li,ANU,https://researchportalplus.anu.edu.au/en/persons/mu-li,,,Finance
342,Tian Yao Zhang,ANU,https://researchportalplus.anu.edu.au/en/persons/tian-yao-zhang,Lecturer,B,Finance
343,Dean Katselas,ANU,https://researchportalplus.anu.edu.au/en/persons/dean-katselas,,,Finance
344,Lijuan Zhang,ANU,https://researchportalplus.anu.edu.au/en/persons/lijuan-zhang,,,Finance
345,Nhan Le,ANU,https://researchportalplus.anu.edu.au/en/persons/nhan-le,Senior Lecturer,C,Finance
346,Ning Wang,ANU,https://researchportalplus.anu.edu.au/en/persons/ning-wang,Lecturer,B,Finance
347,Hua Deng,ANU,https://researchportalplus.anu.edu.au/en/persons/hua-deng,Lecturer,B,Finance
348,Kevin Lu,ANU,https://researchportalplus.anu.edu.au/en/persons/kevin-lu,Lecturer,B,Finance
349,Yanrong Yang,ANU,https://researchportalplus.anu.edu.au/en/persons/yanrong-yang,Associate Professor,D,Finance
350,Abhinav Mehta,ANU,https://researchportalplus.anu.edu.au/en/persons/abhinav-mehta,Associate Lecturer,A,Finance
351,Le Zhang,ANU,https://researchportalplus.anu.edu.au/en/persons/le-zhang,Associate Professor,D,Finance
352,Edward Frees,ANU,https://researchportalplus.anu.edu.au/en/persons/edward-frees,,,Finance
353,Tejshree Kala,ANU,https://researchportalplus.anu.edu.au/en/persons/tejshree-kala,,,Finance
354,Ross Maller,ANU,https://researchportalplus.anu.edu.au/en/persons/ross-maller,Professor Emeritus,E,Finance
355,Bruce Grundy,ANU,https://researchportalplus.anu.edu.au/en/persons/bruce-grundy,,,Finance
356,Robert Clark,ANU,https://researchportalplus.anu.edu.au/en/persons/robert-clark,Associate Professor,D,Finance
357,Janice Scealy,ANU,https://researchportalplus.anu.edu.au/en/persons/janice-scealy,Associate Professor,D,Finance
358,Ding Ding,ANU,https://researchportalplus.anu.edu.au/en/persons/ding-ding,,,Finance
359,Lin Hu,ANU,https://researchportalplus.anu.edu.au/en/persons/lin-hu,,,Finance
360,Shasta Shakya,ANU,https://researchportalplus.anu.edu.au/en/persons/shasta-shakya,,,Finance
361,Kathy Wang,ANU,https://researchportalplus.anu.edu.au/en/persons/kathy-wang,,,Finance
362,Anton Westveld,ANU,https://researchportalplus.anu.edu.au/en/persons/anton-westveld,Senior Lecturer,C,Finance
363,Xiu-Ye Zhang,ANU,https://researchportalplus.anu.edu.au/en/persons/xiu-ye-zhang,,,Finance
364,Le Chang,ANU,https://researchportalplus.anu.edu.au/en/persons/le-chang,,,Finance
365,Yue Cai,ANU,https://researchportalplus.anu.edu.au/en/persons/yue-cai,,,Finance
366,Susanna Ho,ANU,https://researchportalplus.anu.edu.au/en/persons/susanna-ho,Professor,E,Finance
367,Gaurav Khemka,ANU,https://researchportalplus.anu.edu.au/en/persons/gaurav-khemka,Senior Lecturer,C,Finance
368,Emi Tanaka,ANU,https://researchportalplus.anu.edu.au/en/persons/emi-tanaka,,,Finance
369,Shang-Jin Wei,ANU,https://researchportalplus.anu.edu.au/en/persons/shang-jin-wei,,,Finance
370,Bridget Browne,ANU,https://researchportalplus.anu.edu.au/en/persons/bridget-browne,Senior Lecturer,C,Finance
371,Kun Li,ANU,https://researchportalplus.anu.edu.au/en/persons/kun-li,,,Finance
372,Louise Lu,ANU,https://researchportalplus.anu.edu.au/en/persons/louise-lu,,,Finance
373,Marvin Wee,ANU,https://researchportalplus.anu.edu.au/en/persons/marvin-wee,Professor,E,Finance
374,Eunice Khoo,ANU,https://researchportalplus.anu.edu.au/en/persons/eunice-khoo,Senior Lecturer,C,Finance
375,Keturah Whitford,ANU,https://researchportalplus.anu.edu.au/en/persons/keturah-whitford,,,Finance
376,Yuan Gao,ANU,https://researchportalplus.anu.edu.au/en/persons/yuan-gao,,,Finance
377,Priya Dev,ANU,https://researchportalplus.anu.edu.au/en/persons/priya-dev,,,Finance
378,Lily Chen,ANU,https://researchportalplus.anu.edu.au/en/persons/lily-chen,Associate Professor,D,Finance
379,Mohammed Abdullah Al Mamun,ANU,https://researchportalplus.anu.edu.au/en/persons/mohammed-abdullah-al-mamun,Lecturer,B,Finance
380,Francis Hui,ANU,https://researchportalplus.anu.edu.au/en/persons/francis-hui,,,Finance
381,Anna von Reibnitz,ANU,https://researchportalplus.anu.edu.au/en/persons/anna-von-reibnitz,,,Finance
382,Qiaoqiao Zhu,ANU,https://researchportalplus.anu.edu.au/en/persons/qiaoqiao-zhu,,,Finance
383,Aaron Bruhn,ANU,https://researchportalplus.anu.edu.au/en/persons/aaron-bruhn,Senior Lecturer,C,Finance
384,William Lim,ANU,https://researchportalplus.anu.edu.au/en/persons/william-lim,,,Finance
385,Xuan Liang,ANU,https://researchportalplus.anu.edu.au/en/persons/xuan-liang,,,Finance
386,Sorin Daniliuc,ANU,https://researchportalplus.anu.edu.au/en/persons/sorin-daniliuc,Lecturer,B,Finance
387,Boris Buchmann,ANU,https://researchportalplus.anu.edu.au/en/persons/boris-buchmann,Associate Professor,D,Finance
388,Wai-Man Liu,ANU,https://researchportalplus.anu.edu.au/en/persons/wai-man-liu,Associate Professor,D,Finance
389,Madhukar Singh,ANU,https://researchportalplus.anu.edu.au/en/persons/madhukar-singh,,,Finance
390,Antje Berndt,ANU,https://researchportalplus.anu.edu.au/en/persons/antje-berndt,,,Finance
391,Luca Maestrini,ANU,https://researchportalplus.anu.edu.au/en/persons/luca-maestrini,,,Finance
392,"Sarah Adams, CA",ANU,https://researchportalplus.anu.edu.au/en/persons/sarah-adams,Senior Lecturer,C,Finance
393,Sumonkanti Das,ANU,https://researchportalplus.anu.edu.au/en/persons/sumonkanti-das,Fellow,B,Finance
394,Xin Liu,ANU,https://researchportalplus.anu.edu.au/en/persons/xin-liu,Senior Lecturer,C,Finance
395,Phong Ngo,ANU,https://researchportalplus.anu.edu.au/en/persons/phong-ngo,,,Finance
396,Rebecca Tan,ANU,https://researchportalplus.anu.edu.au/en/persons/rebecca-tan,Senior Lecturer,C,Finance
397,Daruo Xie,ANU,https://researchportalplus.anu.edu.au/en/persons/daruo-xie,,,Finance
398,Timothy Higgins,ANU,https://researchportalplus.anu.edu.au/en/persons/timothy-higgins,Associate Professor,D,Finance
399,Wei Zeng,ANU,https://researchportalplus.anu.edu.au/en/persons/wei-zeng,,,Finance
400,Zhi Yang Tho,ANU,https://researchportalplus.anu.edu.au/en/persons/zhi-yang-tho,,,Finance
401,Tao Zou,ANU,https://researchportalplus.anu.edu.au/en/persons/tao-zou,,,Finance
402,Emma Schultz,ANU,https://researchportalplus.anu.edu.au/en/persons/emma-schultz,,,Finance
403,Isabel Wang,ANU,https://researchportalplus.anu.edu.au/en/persons/isabel-wang,Senior Lecturer,C,Finance
404,Chen Tang,ANU,https://researchportalplus.anu.edu.au/en/persons/chen-tang,Lecturer,B,Finance
405,Takeshi Yamada,ANU,https://researchportalplus.anu.edu.au/en/persons/takeshi-yamada,Professor,E,Finance
406,Alexander Vadilyev,ANU,https://researchportalplus.anu.edu.au/en/persons/alexander-vadilyev,Senior Lecturer,C,Finance
407,Mark Wilson,ANU,https://researchportalplus.anu.edu.au/en/persons/mark-wilson,Professor,E,Finance
408,Jananie William,ANU,https://researchportalplus.anu.edu.au/en/persons/jananie-william,Senior Lecturer,C,Finance
409,Jo Drienko,ANU,https://researchportalplus.anu.edu.au/en/persons/jo-drienko,Associate Professor,D,Finance
410,Quan Vu,ANU,https://researchportalplus.anu.edu.au/en/persons/quan-vu,,,Finance
411,Lingwei Li,ANU,https://researchportalplus.anu.edu.au/en/persons/lingwei-li,Lecturer,B,Finance
412,Miss Jacie Liu,ANU,https://researchportalplus.anu.edu.au/en/persons/jacie-liu,,,Finance
413,Tracy Wang,ANU,https://researchportalplus.anu.edu.au/en/persons/tracy-wang,,,Finance
414,Greg Shailer,ANU,https://researchportalplus.anu.edu.au/en/persons/greg-shailer,,,Finance
415,Bronwyn Loong,ANU,https://researchportalplus.anu.edu.au/en/persons/bronwyn-loong,Lecturer,B,Finance
416,Benjamin Lay,USYD,https://sydney.edu.au/business/about/our-people/academic-staff/benjamin.lay.html,,,Finance
417,Anthony Krivokapic,USYD,https://sydney.edu.au/business/about/our-people/academic-staff/anthony.krivokapic.html,,,Finance
418,Wai-Fong Chua,USYD,https://sydney.edu.au/business/about/our-people/academic-staff/waifong.chua.html,Professor,E,Finance
419,Vycke Wu,USYD,https://sydney.edu.au/business/about/our-people/academic-staff/vycke.wu.html,,,Finance
420,DuckKi Cho,USYD,https://sydney.edu.au/business/about/our-people/academic-staff/d.cho.html,,,Finance
421,Sergio De Holanda Rocha,MU,https://research.monash.edu/en/persons/sergio-de-holanda-rocha,Lecturer,B,Finance
422,Mehdi Khedmati,MU,https://research.monash.edu/en/persons/mehdi-khedmati,Senior Lecturer,C,Finance
423,Lu Yang,MU,https://research.monash.edu/en/persons/lu-yang,Senior Lecturer,C,Finance
424,Hue Hwa Au Yong,MU,https://research.monash.edu/en/persons/hue-hwa-au-yong,Senior Lecturer,C,Finance
425,Li Ge,MU,https://research.monash.edu/en/persons/li-ge,Senior Lecturer,C,Finance
426,Fima Klebaner,MU,https://research.monash.edu/en/persons/fima-klebaner,Professor,E,Finance
427,Neal Galpin,MU,https://research.monash.edu/en/persons/neal-galpin,Professor,E,Finance
428,Ozlem Dursun De Neef,MU,https://research.monash.edu/en/persons/ozlem-dursun-de-neef,Senior Lecturer,C,Finance
429,Joshua Shemesh,MU,https://research.monash.edu/en/persons/joshua-shemesh,Senior Lecturer,C,Finance
430,Paul Thambar,MU,https://research.monash.edu/en/persons/paul-thambar,Associate Professor,D,Finance
431,Ying Dou,MU,https://research.monash.edu/en/persons/ying-dou,Associate Professor,D,Finance
432,Ali Sheikhbahaei,MU,https://research.monash.edu/en/persons/ali-sheikhbahaei,Lecturer,B,Finance
433,Xing Yan,MU,https://research.monash.edu/en/persons/xing-yan,Lecturer,B,Finance
434,Valli Batchelor,MU,https://research.monash.edu/en/persons/valli-batchelor,Lecturer,B,Finance
435,Jenny Guan,MU,https://research.monash.edu/en/persons/jenny-guan,Senior Lecturer,C,Finance
436,Janto Haman,MU,https://research.monash.edu/en/persons/janto-haman,Senior Lecturer,C,Finance
437,Hasan Fallahgoul,MU,https://research.monash.edu/en/persons/hasan-fallahgoul,Senior Lecturer,C,Finance
438,Edward Tello Melendez,MU,https://research.monash.edu/en/persons/edward-tello-melendez,Senior Lecturer,C,Finance
439,Hassan Shahzad,MU,https://research.monash.edu/en/persons/hassan-shahzad,Lecturer,B,Finance
440,Wanjia Zhao,MU,https://research.monash.edu/en/persons/wanjia-zhao,Lecturer,B,Finance
441,Jodie Zhang,MU,https://research.monash.edu/en/persons/jodie-zhang,Senior Lecturer,C,Finance
442,Ralph Kober,MU,https://research.monash.edu/en/persons/ralph-kober,Professor,E,Finance
443,Abu Zafar Shahriar,MU,https://research.monash.edu/en/persons/abu-zafar-shahriar,Associate Professor,D,Finance
444,Ashna Prasad,MU,https://research.monash.edu/en/persons/ashna-prasad,FELLOW,,Finance
445,Jean Pierre Fenech,MU,https://research.monash.edu/en/persons/jean-pierre-fenech,Senior Lecturer,C,Finance
446,Chenlan Song,MU,https://research.monash.edu/en/persons/chenlan-song,Fellow,B,Finance
447,Brett Lombardi,MU,https://research.monash.edu/en/persons/brett-lombardi,Lecturer,B,Finance
448,Hannah Nguyen,MU,https://research.monash.edu/en/persons/hannah-nguyen,Senior Lecturer,C,Finance
449,John Watson,MU,https://research.monash.edu/en/persons/john-watson,Associate Professor,D,Finance
450,Paul Lajbcygier,MU,https://research.monash.edu/en/persons/paul-lajbcygier,Associate Professor,D,Finance
451,Philip Gharghori,MU,https://research.monash.edu/en/persons/philip-gharghori,Associate Professor,D,Finance
452,Lorena Mitrione,MU,https://research.monash.edu/en/persons/lorena-mitrione,Lecturer,B,Finance
453,Soon Yeow Phang,MU,https://research.monash.edu/en/persons/soon-yeow-phang,Associate Professor,D,Finance
454,Sandip Dhole,MU,https://research.monash.edu/en/persons/sandip-dhole,Senior Lecturer,C,Finance
455,Michael Skully,MU,https://research.monash.edu/en/persons/michael-skully,PROFESSOR,,Finance
456,Amale Scally,MU,https://research.monash.edu/en/persons/amale-scally,Lecturer,B,Finance
457,Idan Hodor,MU,https://research.monash.edu/en/persons/idan-hodor,Senior Lecturer,C,Finance
458,Simon Yap,MU,https://research.monash.edu/en/persons/simon-yap,Lecturer,B,Finance
459,Eden Zhang,MU,https://research.monash.edu/en/persons/eden-zhang,Senior Lecturer,C,Finance
460,Lisa Powell,MU,https://research.monash.edu/en/persons/lisa-powell,Senior Lecturer,C,Finance
461,Nicholas Mcguigan,MU,https://research.monash.edu/en/persons/nicholas-mcguigan,Professor,E,Finance
462,Phil Gray,MU,https://research.monash.edu/en/persons/phil-gray,PROFESSOR,,Finance
463,Emdad Islam,MU,https://research.monash.edu/en/persons/emdad-islam,Senior Lecturer,C,Finance
464,Jacob Raleigh,MU,https://research.monash.edu/en/persons/jacob-raleigh,Senior Lecturer,C,Finance
465,Sunyoung Kim,MU,https://research.monash.edu/en/persons/sunyoung-kim,Associate Professor,D,Finance
466,Dharmendra Naidu,MU,https://research.monash.edu/en/persons/dharmendra-naidu,Senior Lecturer,C,Finance
467,Michaela Rankin,MU,https://research.monash.edu/en/persons/michaela-rankin,Professor,E,Finance
468,Viet Nga Cao,MU,https://research.monash.edu/en/persons/viet-nga-cao,Lecturer,B,Finance
469,Ivan Guo,MU,https://research.monash.edu/en/persons/ivan-guo,Associate Professor,D,Finance
470,Robert Chenhall,MU,https://research.monash.edu/en/persons/robert-chenhall,Professor Emeritus,E,Finance
471,Prabanga Thoradeniya,MU,https://research.monash.edu/en/persons/prabanga-thoradeniya,Senior Lecturer,C,Finance
472,Mukesh Garg,MU,https://research.monash.edu/en/persons/mukesh-garg,Associate Professor,D,Finance
473,Silvio Contessi,MU,https://research.monash.edu/en/persons/silvio-contessi,Associate Professor,D,Finance
474,Dhayani Kirubaharan,MU,https://research.monash.edu/en/persons/dhayani-kirubaharan,Lecturer,B,Finance
475,Chris Veld,MU,https://research.monash.edu/en/persons/chris-veld,Professor,E,Finance
476,Christine Brown,MU,https://research.monash.edu/en/persons/christine-brown,Professor Emeritus,E,Finance
477,Jerry Lin,MU,https://research.monash.edu/en/persons/jerry-lin,Senior Lecturer,C,Finance
478,Binh Do,MU,https://research.monash.edu/en/persons/binh-do,Senior Lecturer,C,Finance
479,Gladys Lee,MU,https://research.monash.edu/en/persons/gladys-lee,Associate Professor,D,Finance
480,James Sewell,MU,https://research.monash.edu/en/persons/james-sewell,Lecturer,B,Finance
481,Wei Lu,MU,https://research.monash.edu/en/persons/wei-lu,Senior Lecturer,C,Finance
482,Arseny Gorbenko,MU,https://research.monash.edu/en/persons/arseny-gorbenko,Lecturer,B,Finance
483,Annemarie Conrath Hargreaves,MU,https://research.monash.edu/en/persons/annemarie-conrath-hargreaves,,,Finance
484,Huu Nhan Duong,MU,https://research.monash.edu/en/persons/huu-nhan-duong,Professor,E,Finance
485,Xiaoxiao Yu,MU,https://research.monash.edu/en/persons/xiaoxiao-yu,Senior Lecturer,C,Finance
486,Christo Karuna,MU,https://research.monash.edu/en/persons/christo-karuna,Associate Professor,D,Finance
487,Joey Huang,MU,https://research.monash.edu/en/persons/joey-huang,Associate Professor,D,Finance
488,Nafisa Ovi,MU,https://research.monash.edu/en/persons/nafisa-ovi,Lecturer,B,Finance
489,Evgeny Lyandres,MU,https://research.monash.edu/en/persons/evgeny-lyandres,Professor,E,Finance
490,Kihun Nam,MU,https://research.monash.edu/en/persons/kihun-nam,Lecturer,B,Finance
491,John Chu,MU,https://research.monash.edu/en/persons/john-chu,Associate Professor,D,Finance
492,Wayne Wan,MU,https://research.monash.edu/en/persons/wayne-wan,Senior Lecturer,C,Finance
493,Jin Yu,MU,https://research.monash.edu/en/persons/jin-yu,Associate Professor,D,Finance
494,Lyndon Moore,MU,https://research.monash.edu/en/persons/lyndon-moore,Professor,E,Finance
495,Aldonio Fernandes Ferreira,MU,https://research.monash.edu/en/persons/aldonio-fernandes-ferreira,Associate Professor,D,Finance
496,Thomas Kern,MU,https://research.monash.edu/en/persons/thomas-kern,Lecturer,B,Finance
497,Barry Williams,MU,https://research.monash.edu/en/persons/barry-williams,Associate Professor,D,Finance
498,Stephen Brown,MU,https://research.monash.edu/en/persons/stephen-brown,Professor Emeritus,E,Finance
499,Mengjie Yang,MU,https://research.monash.edu/en/persons/mengjie-yang,Lecturer,B,Finance
500,Jin Zhang,MU,https://research.monash.edu/en/persons/jin-zhang,Associate Professor,D,Finance
501,Carla Wilkin,MU,https://research.monash.edu/en/persons/carla-wilkin,Professor,E,Finance
502,Emma Zhang,MU,https://research.monash.edu/en/persons/emma-zhang,Senior Lecturer,C,Finance
503,Abe De Jong,MU,https://research.monash.edu/en/persons/abe-de-jong,Professor,E,Finance
504,Cameron Truong,MU,https://research.monash.edu/en/persons/cameron-truong,Professor,E,Finance
505,Bharat Parajuli,MU,https://research.monash.edu/en/persons/bharat-parajuli,Lecturer,B,Finance
506,Ahmed Abdalla,MU,https://research.monash.edu/en/persons/ahmed-abdalla,Senior Lecturer,C,Finance
507,Richard Pucci,MU,https://research.monash.edu/en/persons/richard-pucci,Senior Lecturer,C,Finance
508,Kristian Rotaru,MU,https://research.monash.edu/en/persons/kristian-rotaru,Professor,E,Finance
509,Carly Moulang,MU,https://research.monash.edu/en/persons/carly-moulang,Associate Professor,D,Finance
510,Brett Considine,MU,https://research.monash.edu/en/persons/brett-considine,Lecturer,B,Finance
511,Wen He,MU,https://research.monash.edu/en/persons/wen-he,Professor,E,Finance
512,Daniela Juric,MU,https://research.monash.edu/en/persons/daniela-juric,Lecturer,B,Finance
513,John Ko,MU,https://research.monash.edu/en/persons/john-ko,Senior Lecturer,C,Finance
514,Zhe An,MU,https://research.monash.edu/en/persons/zhe-an,Senior Lecturer,C,Finance
515,Matthew Hall,MU,https://research.monash.edu/en/persons/matthew-hall,Professor,E,Finance
516,Yulia Merkoulova,MU,https://research.monash.edu/en/persons/yulia-merkoulova,Professor,E,Finance
517,Jason Choo,MU,https://research.monash.edu/en/persons/jason-choo,Lecturer,B,Finance
518,Yushui Shi,MU,https://research.monash.edu/en/persons/yushui-shi,Senior Lecturer,C,Finance
519,Mario Schabus,MU,https://research.monash.edu/en/persons/mario-schabus,Senior Lecturer,C,Finance
520,Kalle Kraus,MU,https://research.monash.edu/en/persons/kalle-kraus,Professor,E,Finance
521,Zoltan Murgulov,MU,https://research.monash.edu/en/persons/zoltan-murgulov,Lecturer,B,Finance
522,Chris Adrian,MU,https://research.monash.edu/en/persons/chris-adrian,Senior Lecturer,C,Finance
523,Zhiyun Gong,MU,https://research.monash.edu/en/persons/zhiyun-gong,Senior Lecturer,C,Finance
524,Manapon Limkriangkrai,MU,https://research.monash.edu/en/persons/manapon-limkriangkrai,Lecturer,B,Finance
525,Ying Xia,MU,https://research.monash.edu/en/persons/ying-xia,Professor,E,Finance
526,Thanh Huynh,MU,https://research.monash.edu/en/persons/thanh-huynh,Associate Professor,D,Finance
527,Kais Hamza,MU,https://research.monash.edu/en/persons/kais-hamza,Professor,E,Finance
528,Hassan Naqvi,MU,https://research.monash.edu/en/persons/hassan-naqvi,Associate Professor,D,Finance
529,Xinning Xiao,MU,https://research.monash.edu/en/persons/xinning-xiao,Associate Professor,D,Finance
530,Yongxin Xu,MU,https://research.monash.edu/en/persons/yongxin-xu,Senior Lecturer,C,Finance
531,Giang Hoang,MU,https://research.monash.edu/en/persons/giang-hoang,Lecturer,B,Finance
532,Chen Chen,MU,https://research.monash.edu/en/persons/chen-chen,Professor,E,Finance
533,Tirukumar Thiagarajah,MU,https://research.monash.edu/en/persons/tirukumar-thiagarajah,Lecturer,B,Finance
534,Kym Brown,MU,https://research.monash.edu/en/persons/kym-brown,Senior Lecturer,C,Finance
535,Minh Do,MU,https://research.monash.edu/en/persons/minh-do,Senior Lecturer,C,Finance
